<?xml version="1.0" encoding="UTF-8"?>
<project-private xmlns="http://www.netbeans.org/ns/project-private/1">
    <editor-bookmarks xmlns="http://www.netbeans.org/ns/editor-bookmarks/2" lastBookmarkId="0"/>
    <open-files xmlns="http://www.netbeans.org/ns/projectui-open-files/2">
        <group>
            <file>file:/C:/xampp/htdocs/moshi_system/my_account.php</file>
            <file>file:/C:/xampp/htdocs/moshi_system/index.php</file>
            <file>file:/C:/xampp/htdocs/moshi_system/add_news.php</file>
            <file>file:/C:/xampp/htdocs/moshi_system/jobs.php</file>
            <file>file:/C:/xampp/htdocs/moshi_system/adverts.php</file>
            <file>file:/C:/xampp/htdocs/moshi_system/view_product.php</file>
            <file>file:/C:/xampp/htdocs/moshi_system/home.php</file>
            <file>file:/C:/xampp/htdocs/moshi_system/job.php</file>
            <file>file:/C:/xampp/htdocs/moshi_system/login.php</file>
            <file>file:/C:/xampp/htdocs/moshi_system/product.php</file>
            <file>file:/C:/xampp/htdocs/moshi_system/store.php</file>
            <file>file:/C:/xampp/htdocs/moshi_system/css/style.css</file>
            <file>file:/C:/xampp/htdocs/moshi_system/job_adverts.php</file>
            <file>file:/C:/xampp/htdocs/moshi_system/register.php</file>
        </group>
    </open-files>
</project-private>
